-- ============================================================
-- 初始数据
-- ============================================================

USE `device_borrow`;

-- 插入系统管理员（密码: admin123，使用BCrypt加密）
INSERT INTO `sys_user` (`username`, `real_name`, `user_type`, `department`, `password`, `auth_source`, `status`)
VALUES ('admin', '系统管理员', 3, '信息中心',
        '$2b$10$AgBkzhU4VePwdNIX9qcCRuM//tvoQKV6bh/mHV9P3FmiQ7Zkmztni',
        'L', 1)
ON DUPLICATE KEY UPDATE `real_name` = '系统管理员';

-- 插入实验室管理员（密码: admin123，同admin; 如需修改密码请用 PasswordUtil 生成hash）
INSERT INTO `sys_user` (`username`, `real_name`, `user_type`, `department`, `password`, `auth_source`, `status`)
VALUES ('labadmin', '实验室管理员', 2, '建筑学院',
        '$2a$10$N.zmdr9k7uOCQb376NoUnuTJ8iAt6Z5EHsM8lE9lBOsl7iAt6Z5EH',
        'L', 1)
ON DUPLICATE KEY UPDATE `real_name` = '实验室管理员';

-- 插入测试学生账号（密码: student123，使用前运行 PasswordUtil生成正确hash替换）
INSERT INTO `sys_user` (`username`, `real_name`, `user_type`, `department`, `password`, `auth_source`, `status`)
VALUES ('student01', '测试学生', 0, '建筑学院',
        '$2a$10$N.zmdr9k7uOCQb376NoUnuTJ8iAt6Z5EHsM8lE9lBOsl7iAt6Z5EH',
        'L', 1)
ON DUPLICATE KEY UPDATE `real_name` = '测试学生';

-- 插入测试教师账号（密码: teacher123，使用前运行 PasswordUtil生成正确hash替换）
INSERT INTO `sys_user` (`username`, `real_name`, `user_type`, `department`, `password`, `auth_source`, `status`)
VALUES ('teacher01', '测试教师', 1, '建筑学院',
        '$2a$10$N.zmdr9k7uOCQb376NoUnuTJ8iAt6Z5EHsM8lE9lBOsl7iAt6Z5EH',
        'L', 1)
ON DUPLICATE KEY UPDATE `real_name` = '测试教师';

-- ============================================================
-- 业务分类（10个一级分类）
-- ============================================================
INSERT INTO `device_category` (`id`, `name`, `code`, `parent_id`, `level`, `sort`, `status`) VALUES
(1,  '计算机及外设',         'COMPUTER',    0, 1, 1, 1),
(2,  '摄影摄像与光学器材',   'CAMERA',      0, 1, 2, 1),
(3,  '音频与广播设备',       'AUDIO',       0, 1, 3, 1),
(4,  '空调与制冷设备',       'HVAC',        0, 1, 4, 1),
(5,  '仪器仪表与测量设备',   'INSTRUMENT',  0, 1, 5, 1),
(6,  '家具与装具',           'FURNITURE',   0, 1, 6, 1),
(7,  '无人机及航模',         'UAV',         0, 1, 7, 1),
(8,  '软件与信息服务',       'SOFTWARE',    0, 1, 8, 1),
(9,  '安全与监控设备',       'SECURITY',    0, 1, 9, 1),
(10, '其他设备',             'OTHER',       0, 1, 10, 1)
ON DUPLICATE KEY UPDATE `name` = VALUES(`name`);

-- ============================================================
-- 国标分类 → 业务分类 自动映射规则（关键词匹配）
-- ============================================================
-- 优先级 priority: 越小越优先匹配
-- 规则：导入时对每行资产的"国标分类名"做关键词包含匹配，命中即归入对应业务分类

-- 1. 计算机及外设
INSERT INTO `category_mapping` (`gb_category_name`, `keyword`, `category_id`, `priority`) VALUES
('计算机及外设-泛匹配',       '计算机',       1, 100),
('计算机及外设-泛匹配',       '工作站',       1, 100),
('计算机及外设-泛匹配',       '服务器',       1, 100),
('计算机及外设-泛匹配',       '显示器',       1, 100),
('计算机及外设-泛匹配',       '存储设备',     1, 100),
('计算机及外设-泛匹配',       '磁盘机',       1, 100),
('计算机及外设-泛匹配',       '打印机',       1, 100),
('计算机及外设-泛匹配',       '扫描仪',       1, 100),
('计算机及外设-泛匹配',       '投影仪',       1, 100),
('计算机及外设-泛匹配',       '多功能一体机', 1, 100),
('计算机及外设-泛匹配',       '碎纸机',       1, 100),
('计算机及外设-泛匹配',       '复印机',       1, 100),
('计算机及外设-泛匹配',       '触控一体机',   1, 100),
('计算机及外设-泛匹配',       '阅读器',       1, 100),
('计算机及外设-泛匹配',       '数据录入设备', 1, 100),
('计算机及外设-泛匹配',       '不间断电源',   1, 100),
('计算机及外设-泛匹配',       '输入输出设备', 1, 100),
('计算机及外设-泛匹配',       '交换设备',     1, 100),
('计算机及外设-泛匹配',       '移动通信',     1, 100),
('计算机及外设-泛匹配',       '网络存储',     1, 100);

-- 2. 摄影摄像与光学器材
INSERT INTO `category_mapping` (`gb_category_name`, `keyword`, `category_id`, `priority`) VALUES
('摄影摄像-泛匹配',           '照相机',       2, 100),
('摄影摄像-泛匹配',           '摄像机',       2, 100),
('摄影摄像-泛匹配',           '录像机',       2, 100),
('摄影摄像-泛匹配',           '镜头',         2, 100),
('摄影摄像-泛匹配',           '电影设备',     2, 100),
('摄影摄像-泛匹配',           '视频设备',     2, 100),
('摄影摄像-泛匹配',           '光学仪器',     2, 100),
('摄影摄像-泛匹配',           '特种成像',     2, 100),
('摄影摄像-泛匹配',           '影像设备',     2, 100);

-- 3. 音频与广播设备
INSERT INTO `category_mapping` (`gb_category_name`, `keyword`, `category_id`, `priority`) VALUES
('音频广播-泛匹配',           '音箱',         3, 100),
('音频广播-泛匹配',           '话筒',         3, 100),
('音频广播-泛匹配',           '音频',         3, 100),
('音频广播-泛匹配',           '功放',         3, 100),
('音频广播-泛匹配',           '调音台',       3, 100),
('音频广播-泛匹配',           '录放音',       3, 100),
('音频广播-泛匹配',           '广播发射',     3, 100),
('音频广播-泛匹配',           '播控',         3, 100),
('音频广播-泛匹配',           '声处理',       3, 100),
('音频广播-泛匹配',           '放大器',       3, 100),
('音频广播-泛匹配',           '声源',         3, 100),
('音频广播-泛匹配',           '乐器',         3, 100);

-- 4. 空调与制冷设备
INSERT INTO `category_mapping` (`gb_category_name`, `keyword`, `category_id`, `priority`) VALUES
('空调制冷-泛匹配',           '空调',         4, 100),
('空调制冷-泛匹配',           '去湿',         4, 100),
('空调制冷-泛匹配',           '试验箱',       4, 100),
('空调制冷-泛匹配',           '制冷',         4, 100),
('空调制冷-泛匹配',           '冰箱',         4, 100),
('空调制冷-泛匹配',           '冷藏',         4, 100);

-- 5. 仪器仪表与测量设备
INSERT INTO `category_mapping` (`gb_category_name`, `keyword`, `category_id`, `priority`) VALUES
('仪器仪表-泛匹配',           '仪器',         5, 100),
('仪器仪表-泛匹配',           '仪表',         5, 100),
('仪器仪表-泛匹配',           '测量仪',       5, 100),
('仪器仪表-泛匹配',           '试验机',       5, 100),
('仪器仪表-泛匹配',           '测绘',         5, 100),
('仪器仪表-泛匹配',           '气象',         5, 100),
('仪器仪表-泛匹配',           '天文',         5, 100),
('仪器仪表-泛匹配',           '生理',         5, 100),
('仪器仪表-泛匹配',           '心理',         5, 100),
('仪器仪表-泛匹配',           '医用',         5, 100),
('仪器仪表-泛匹配',           '临床检验',     5, 100),
('仪器仪表-泛匹配',           '分析仪器',     5, 100),
('仪器仪表-泛匹配',           '环境监测',     5, 100),
('仪器仪表-泛匹配',           '温度仪表',     5, 100),
('仪器仪表-泛匹配',           '物位',         5, 100),
('仪器仪表-泛匹配',           '量仪',         5, 100),
('仪器仪表-泛匹配',           '示波器',       5, 100),
('仪器仪表-泛匹配',           '电表',         5, 100),
('仪器仪表-泛匹配',           '电磁示波器',   5, 100),
('仪器仪表-泛匹配',           '光学测试',     5, 100),
('仪器仪表-泛匹配',           '真空',         5, 100),
('仪器仪表-泛匹配',           '核辐射',       5, 100),
('仪器仪表-泛匹配',           '地质勘探',     5, 100),
('仪器仪表-泛匹配',           '钻探',         5, 100),
('仪器仪表-泛匹配',           '测力',         5, 100),
('仪器仪表-泛匹配',           '电工仪器',     5, 100),
('仪器仪表-泛匹配',           '电子和通信测量',5, 100),
('仪器仪表-泛匹配',           '数字仪表',     5, 100),
('仪器仪表-泛匹配',           '集中控制',     5, 100),
('仪器仪表-泛匹配',           '自动成套控制', 5, 100),
('仪器仪表-泛匹配',           '物理光学',     5, 100),
('仪器仪表-泛匹配',           '红外仪器',     5, 100),
('仪器仪表-泛匹配',           '航空仪器',     5, 100),
('仪器仪表-泛匹配',           '元件器件',     5, 100),
('仪器仪表-泛匹配',           '金属材料试验', 5, 100),
('仪器仪表-泛匹配',           '气动',         5, 100),
('仪器仪表-泛匹配',           '电动单元',     5, 100),
('仪器仪表-泛匹配',           '通讯导航测试', 5, 100),
('仪器仪表-泛匹配',           '电视用测量',   5, 100),
('仪器仪表-泛匹配',           '电化学分析',   5, 100);

-- 6. 家具与装具
INSERT INTO `category_mapping` (`gb_category_name`, `keyword`, `category_id`, `priority`) VALUES
('家具装具-泛匹配',           '桌',           6, 100),
('家具装具-泛匹配',           '椅凳',         6, 100),
('家具装具-泛匹配',           '柜',           6, 100),
('家具装具-泛匹配',           '沙发',         6, 100),
('家具装具-泛匹配',           '厨卫用具',     6, 100),
('家具装具-泛匹配',           '室内装具',     6, 100),
('家具装具-泛匹配',           '用具',         6, 100),
('家具装具-泛匹配',           '床',           6, 100),
('家具装具-泛匹配',           '架',           6, 100),
('家具装具-泛匹配',           '饮水器',       6, 100),
('家具装具-泛匹配',           '吸尘器',       6, 100);

-- 7. 无人机及航模（优先匹配，避免被"模型"误匹配）
INSERT INTO `category_mapping` (`gb_category_name`, `keyword`, `category_id`, `priority`) VALUES
('无人机航模-精确',           '无人机',       7, 50),
('无人机航模-精确',           '固定翼飞机',   7, 50),
('无人机航模-精确',           '航模',         7, 50),
('无人机航模-精确',           '海模',         7, 50),
('无人机航模-精确',           '模型设备',     7, 50);

-- 8. 软件与信息服务
INSERT INTO `category_mapping` (`gb_category_name`, `keyword`, `category_id`, `priority`) VALUES
('软件-精确',                 '软件',         8, 50);

-- 9. 安全与监控设备
INSERT INTO `category_mapping` (`gb_category_name`, `keyword`, `category_id`, `priority`) VALUES
('安全监控-泛匹配',           '视频监控',     9, 100),
('安全监控-泛匹配',           '安全检查',     9, 100),
('安全监控-泛匹配',           '报警',         9, 100),
('安全监控-泛匹配',           '监视',         9, 100),
('安全监控-泛匹配',           '交通管理',     9, 100);

-- 10. 其他设备（兜底规则——最低优先级）
-- 这些国标名没有命中以上任何规则时，系统会归入"其他设备"
-- 部分特殊词需要精确匹配避免误分类：
INSERT INTO `category_mapping` (`gb_category_name`, `keyword`, `category_id`, `priority`) VALUES
('其他-舞台设备',             '舞台',         10, 200),
('其他-影剧院设备',           '影剧院',       10, 200),
('其他-电动工具',             '电动工具',     10, 200),
('其他-金属焊接',             '金属焊接',     10, 200),
('其他-金属切削',             '金属切削',     10, 200),
('其他-水泥',                 '水泥',         10, 200),
('其他-玻璃',                 '玻璃',         10, 200),
('其他-木材',                 '木材',         10, 200),
('其他-泵',                   '泵',           10, 200),
('其他-开关柜',               '开关柜',       10, 200),
('其他-电源设备',             '电源设备',     10, 200),
('其他-广播',                 '广播',         10, 200),
('其他-传真',                 '传真',         10, 200),
('其他-模型',                 '其他模型',     10, 200),
('其他-图书',                 '图书',         10, 200),
('其他-机械设备',             '机械设备',     10, 200),
('其他-体育',                 '体育',         10, 200),
('其他-植物管理',             '植物',         10, 200),
('其他-饮料',                 '饮料',         10, 200),
('其他-造纸',                 '造纸',         10, 200),
('其他-印刷',                 '印刷',         10, 200),
('其他-地上衡',               '地上衡',       10, 200),
('其他-家用电器',             '家用电器',     10, 200);
